<?xml version="1.0"?>
<Signature xmlns="http://www.w3.org/2000/09/xmldsig#">
<SignedInfo>
<CanonicalizationMethod Algorithm="http://www.w3.org/TR/2001/REC-xml-c14n-20010315"/>
<SignatureMethod Algorithm="http://www.w3.org/2000/09/xmldsig#rsa-sha1"/>
<Reference URI="#obj-ZIN_5srtxQ">
<Transforms>
<Transform Algorithm="http://www.w3.org/TR/2001/REC-xml-c14n-20010315"/>
</Transforms>
<DigestMethod Algorithm="http://www.w3.org/2000/09/xmldsig#sha1"/>
<DigestValue>hXg+t64sKpWKfHkDWtrdCGXvnOQ=</DigestValue>
</Reference>
</SignedInfo>
<SignatureValue>Y5vgpt0w3PwcBaM7Pk/pThrrD24OV1ZPct0b2cHI/EmaJcUlF/2EQ9o+xPjgFylL
sJbPjtCvK4G1in90ZQZgLtYRFQhH3q1eMWAhZ0qjM+JfEJ7FdCzyijJ5XL6Jfqgn
E2nN3SGCp971BFL7/tGT4h/kuQ7WTjlr38sRett70o4=</SignatureValue>
<Object Id="obj-ZIN_5srtxQ"><apde>
   <serial_number>545</serial_number>
   <force_update>0</force_update>
   <sigs_file_uri>
      https://apde.amp.cisco.com/apde-signatures/[%set:config/janus/business/uuid%]/apde-000545.ssigs
   </sigs_file_uri>
   <sealed_signatures>1</sealed_signatures>
   <verify>
      <sha256>4db6db5617787a54db00a9b4ff425167a5ae096684317c97c052867e25882097</sha256>
   </verify>
</apde></Object>
</Signature>
