<Signature xmlns="http://www.w3.org/2000/09/xmldsig#"><SignedInfo><CanonicalizationMethod Algorithm="http://www.w3.org/TR/2001/REC-xml-c14n-20010315" /><SignatureMethod Algorithm="http://www.w3.org/2000/09/xmldsig#rsa-sha1" /><Reference URI="#obj-9zavObiEu9"><Transforms><Transform Algorithm="http://www.w3.org/TR/2001/REC-xml-c14n-20010315" /></Transforms><DigestMethod Algorithm="http://www.w3.org/2000/09/xmldsig#sha1" /><DigestValue>W6B9guMCwAJHvCIp0vCnZtPUms4=</DigestValue></Reference></SignedInfo><SignatureValue>kGFyBAXF6sR7dKEvnxe/3o3elya0rpY8UINT22JbZWwtk25Oh9/S5vSQ1v5CKsT7z9H+kntX1rILF5X8M0HtSd9Y5Q0t2ahGwGrmCkwkBsWpRmbz4YMhowTUGaG5Zq/vBf1nD2pTRW973N6w+MmrPOilnj0FHGrInGAbE+AQpcQ=</SignatureValue>
<Object Id="obj-9zavObiEu9">
<data>
<filetypes>
<filetype>.bat|10</filetype>
<filetype>.cmd|10</filetype>
<filetype>.vb|10</filetype>
<filetype>.vbs|10</filetype>
<filetype>.js|10</filetype>
<filetype>.doc|15</filetype>
<filetype>.xls|15</filetype>
<filetype>.ppt|15</filetype>
<filetype>.docx|55</filetype>
<filetype>.dotx|55</filetype>
<filetype>.docm|55</filetype>
<filetype>.dotm|55</filetype>
<filetype>.pptx|56</filetype>
<filetype>.potx|56</filetype>
<filetype>.potm|56</filetype>
<filetype>.pptm|56</filetype>
<filetype>.ppam|56</filetype>
<filetype>.ppsm|56</filetype>
<filetype>.sldm|56</filetype>
<filetype>.xlsx|57</filetype>
<filetype>.xltx|57</filetype>
<filetype>.xlsm|57</filetype>
<filetype>.xltm|57</filetype>
<filetype>.xlam|57</filetype>
<filetype>.scf|72</filetype>
<filetype>.lnk|72</filetype>
<filetype>.ps1|73</filetype>
<filetype>.ps1xml|73</filetype>
<filetype>.ps2|73</filetype>
<filetype>.ps2xml|73</filetype>
<filetype>.pcs1|73</filetype>
<filetype>.pcs2|73</filetype>
<filetype>.msh|73</filetype>
<filetype>.msh1|73</filetype>
<filetype>.msh2|73</filetype>
<filetype>.mshxml|73</filetype>
<filetype>.msh1xml|73</filetype>
<filetype>.msh2xml|73</filetype>
<filetype>.jse|76</filetype>
<filetype>.vbe|76</filetype>
<filetype>.ws|77</filetype>
<filetype>.wsf|77</filetype>
<filetype>.wsc|77</filetype>
<filetype>.wsh|77</filetype>
<filetype>.hta|78</filetype>
<filetype>.reg|79</filetype>
<filetype>.inf|80</filetype>
<filetype>.inx|80</filetype>
</filetypes>
<processes>
<process>winword.exe</process>
<process>powershell.exe</process>
<process>powerpoint.exe</process>
<process>excel.exe</process>
<process>wscript.exe</process>
<process>cscript.exe</process>
<process>visio.exe</process>
</processes>
</data></Object></Signature>