Display Name,Service Name,Service Type,State,Controls,PID
1394 OHCI Compliant Host Controller,1394ohci,KernelDriver,Stopped,0
3ware,3ware,KernelDriver,Stopped,0
Microsoft ACPI Driver,ACPI,KernelDriver,Running,1
ACPI Devices driver,AcpiDev,KernelDriver,Stopped,0
Microsoft ACPIEx Driver,acpiex,KernelDriver,Running,1
ACPI Processor Aggregator Driver,acpipagr,KernelDriver,Stopped,0
ACPI Power Meter Driver,AcpiPmi,KernelDriver,Stopped,0
ACPI Wake Alarm Driver,acpitime,KernelDriver,Stopped,0
Acx01000,Acx01000,KernelDriver,Stopped,0
ADP80XX,ADP80XX,KernelDriver,Stopped,0
Ancillary Function Driver for Winsock,AFD,KernelDriver,Running,1
afunix,afunix,KernelDriver,Running,1
Application Compatibility Cache,ahcache,KernelDriver,Running,1
AMD GPIO Client Driver,amdgpio2,KernelDriver,Stopped,0
AMD I2C Controller Service,amdi2c,KernelDriver,Stopped,0
AMD K8 Processor Driver,AmdK8,KernelDriver,Stopped,0
AMD Processor Driver,AmdPPM,KernelDriver,Stopped,0
amdsata,amdsata,KernelDriver,Stopped,0
amdsbs,amdsbs,KernelDriver,Stopped,0
amdxata,amdxata,KernelDriver,Stopped,0
AppID Driver,AppID,KernelDriver,Stopped,0
Smartlocker Filter Driver,applockerfltr,KernelDriver,Stopped,0
AppvStrm,AppvStrm,FileSystemDriver,Stopped,0
AppvVemgr,AppvVemgr,FileSystemDriver,Stopped,0
AppvVfs,AppvVfs,FileSystemDriver,Stopped,0
Adaptec SAS/SATA-II RAID Storport's Miniport Driver,arcsas,KernelDriver,Stopped,0
RAS Asynchronous Media Driver,AsyncMac,KernelDriver,Stopped,0
IDE Channel,atapi,KernelDriver,Running,1
QLogic Network Adapter VBD,b06bdrv,KernelDriver,Stopped,0
Background Activity Moderator Driver,bam,KernelDriver,Running,1
BasicDisplay,BasicDisplay,KernelDriver,Running,1
BasicRender,BasicRender,KernelDriver,Running,1
bcmfn2 Service,bcmfn2,KernelDriver,Stopped,0
URLScannerEngine,bddci,KernelDriver,Running,1
Beep,Beep,KernelDriver,Running,1
Windows Bind Filter Driver,bindflt,FileSystemDriver,Running,1
Browser,bowser,FileSystemDriver,Running,1
Microsoft Bluetooth A2dp driver,BthA2dp,KernelDriver,Stopped,0
Bluetooth Enumerator Service,BthEnum,KernelDriver,Stopped,0
Microsoft Bluetooth Hands-Free Profile driver,BthHFEnum,KernelDriver,Stopped,0
Bluetooth Low Energy Driver,BthLEEnum,KernelDriver,Stopped,0
Bluetooth Radio Driver,BthMini,KernelDriver,Stopped,0
Bluetooth Modem Communications Driver,BTHMODEM,KernelDriver,Stopped,0
Bluetooth Port Driver,BTHPORT,KernelDriver,Stopped,0
Bluetooth Radio USB Driver,BTHUSB,KernelDriver,Stopped,0
Microsoft Hyper-V VHDPMEM BTT Filter,bttflt,KernelDriver,Stopped,0
Service for Portable Device Control devices,buttonconverter,KernelDriver,Stopped,0
Charge Arbitration Driver,CAD,KernelDriver,Stopped,0
CD/DVD File System Reader,cdfs,FileSystemDriver,Stopped,0
CD-ROM Driver,cdrom,KernelDriver,Running,1
cht4iscsi,cht4iscsi,KernelDriver,Stopped,0
Chelsio Virtual Bus Driver,cht4vbd,KernelDriver,Stopped,0
CimFS,CimFS,FileSystemDriver,Running,1
Consumer IR Devices,circlass,KernelDriver,Stopped,0
CiscoAMPCEFWDriver,CiscoAMPCEFWDriver,FileSystemDriver,Running,1
CiscoAMPELAMDriver,CiscoAMPELAMDriver,KernelDriver,Stopped,0
CiscoAMPHeurDriver,CiscoAMPHeurDriver,FileSystemDriver,Running,1
Windows Cloud Files Filter Driver,CldFlt,FileSystemDriver,Running,1
Common Log (CLFS),CLFS,KernelDriver,Running,1
Microsoft ACPI Control Method Battery Driver,CmBatt,KernelDriver,Stopped,0
CNG,CNG,KernelDriver,Running,1
CNG Hardware Assist algorithm provider,cnghwassist,KernelDriver,Stopped,0
Composite Bus Enumerator Driver,CompositeBus,KernelDriver,Running,1
Console Driver,condrv,KernelDriver,Running,1
Offline Files Driver,CSC,KernelDriver,Running,1
Desktop Activity Moderator Driver,dam,KernelDriver,Stopped,0
DFS Namespace Client Driver,Dfsc,FileSystemDriver,Running,1
Disk Driver,disk,KernelDriver,Running,1
dmvsc,dmvsc,KernelDriver,Running,1
Microsoft Trusted Audio Drivers,drmkaud,KernelDriver,Stopped,0
LDDM Graphics Subsystem,DXGKrnl,KernelDriver,Running,1
QLogic 10 Gigabit Ethernet Adapter VBD,ebdrv,KernelDriver,Stopped,0
Enhanced Storage Filter Driver,EhStorClass,KernelDriver,Running,1
Microsoft driver for storage devices supporting IEEE 1667 and TCG protocols,EhStorTcgDrv,KernelDriver,Stopped,0
Microsoft Hardware Error Device Driver,ErrDev,KernelDriver,Stopped,0
exFAT File System Driver,exfat,FileSystemDriver,Stopped,0
FAT12/16/32 File System Driver,fastfat,FileSystemDriver,Stopped,0
Floppy Disk Controller Driver,fdc,KernelDriver,Running,1
FileCrypt,FileCrypt,FileSystemDriver,Running,1
File Information FS MiniFilter,FileInfo,FileSystemDriver,Running,1
Filetrace,Filetrace,FileSystemDriver,Stopped,0
Floppy Disk Driver,flpydisk,KernelDriver,Running,1
FltMgr,FltMgr,FileSystemDriver,Running,1
File System Dependency Minifilter,FsDepends,FileSystemDriver,Stopped,0
BitLocker Drive Encryption Filter Driver,fvevol,KernelDriver,Running,1
Microsoft Hyper-V Generation Counter,gencounter,KernelDriver,Running,1
Generic USB Function Class,genericusbfn,KernelDriver,Stopped,0
Microsoft GPIO Class Extension Driver,GPIOClx0101,KernelDriver,Stopped,0
GPU Energy Driver,GpuEnergyDrv,KernelDriver,Running,1
Microsoft 1.1 UAA Function Driver for High Definition Audio Service,HdAudAddService,KernelDriver,Stopped,0
Microsoft UAA Bus Driver for High Definition Audio,HDAudBus,KernelDriver,Stopped,0
HID UPS Battery Driver,HidBatt,KernelDriver,Stopped,0
Microsoft Bluetooth HID Miniport,HidBth,KernelDriver,Stopped,0
Microsoft I2C HID Miniport Driver,hidi2c,KernelDriver,Stopped,0
Common Driver for HID Buttons implemented with interrupts,hidinterrupt,KernelDriver,Stopped,0
Microsoft Infrared HID Driver,HidIr,KernelDriver,Stopped,0
Microsoft SPI HID Miniport Driver,hidspi,KernelDriver,Stopped,0
Microsoft HID Class Driver,HidUsb,KernelDriver,Stopped,0
HpSAMD,HpSAMD,KernelDriver,Stopped,0
HTTP Service,HTTP,KernelDriver,Running,1
hvcrash,hvcrash,KernelDriver,Stopped,0
Hypervisor/Virtual Machine Support Driver,hvservice,KernelDriver,Stopped,0
Microsoft Hardware Notifications Class Extension Driver,HwNClx0101,KernelDriver,Stopped,0
Hardware Policy Driver,hwpolicy,KernelDriver,Stopped,0
hyperkbd,hyperkbd,KernelDriver,Running,1
HyperVideo,HyperVideo,KernelDriver,Running,1
i8042 Keyboard and PS/2 Mouse Port Driver,i8042prt,KernelDriver,Running,1
Intel Serial IO GPIO Controller Driver,iagpio,KernelDriver,Stopped,0
Intel(R) Serial IO I2C Host Controller,iai2c,KernelDriver,Stopped,0
Intel(R) Serial IO GPIO Driver v2,iaLPSS2i_GPIO2,KernelDriver,Stopped,0
Intel(R) Serial IO GPIO Driver v2,iaLPSS2i_GPIO2_BXT_P,KernelDriver,Stopped,0
Intel(R) Serial IO GPIO Driver v2,iaLPSS2i_GPIO2_CNL,KernelDriver,Stopped,0
Intel(R) Serial IO GPIO Driver v2,iaLPSS2i_GPIO2_GLK,KernelDriver,Stopped,0
Intel(R) Serial IO I2C Driver v2,iaLPSS2i_I2C,KernelDriver,Stopped,0
Intel(R) Serial IO I2C Driver v2,iaLPSS2i_I2C_BXT_P,KernelDriver,Stopped,0
Intel(R) Serial IO I2C Driver v2,iaLPSS2i_I2C_CNL,KernelDriver,Stopped,0
Intel(R) Serial IO I2C Driver v2,iaLPSS2i_I2C_GLK,KernelDriver,Stopped,0
Intel(R) Serial IO GPIO Controller Driver,iaLPSSi_GPIO,KernelDriver,Stopped,0
Intel(R) Serial IO I2C Controller Driver,iaLPSSi_I2C,KernelDriver,Stopped,0
Intel Chipset SATA RAID Controller,iaStorAVC,KernelDriver,Stopped,0
Intel RAID Controller Windows 7,iaStorV,KernelDriver,Stopped,0
Mellanox InfiniBand Bus/AL (Filter Driver),ibbus,KernelDriver,Stopped,0
ImmunetNetworkMonitorDriver,ImmunetNetworkMonitorDriver,KernelDriver,Running,1
ImmunetProtectDriver,ImmunetProtectDriver,FileSystemDriver,Running,1
ImmunetSelfProtectDriver,ImmunetSelfProtectDriver,FileSystemDriver,Running,1
Indirect Displays Kernel-Mode Driver,IndirectKmd,KernelDriver,Running,1
intelide,intelide,KernelDriver,Running,1
Intel(R) Power Engine Plug-in Driver,intelpep,KernelDriver,Running,1
Intel(R) Dynamic Device Peak Power Manager Driver,intelpmax,KernelDriver,Stopped,0
Intel Processor Driver,intelppm,KernelDriver,Running,1
Disk I/O Rate Filter Driver,iorate,KernelDriver,Running,1
IP Traffic Filter Driver,IpFilterDriver,KernelDriver,Stopped,0
IPMIDRV,IPMIDRV,KernelDriver,Stopped,0
IP Network Address Translator,IPNAT,KernelDriver,Stopped,0
IPT,IPT,KernelDriver,Stopped,0
isapnp,isapnp,KernelDriver,Stopped,0
iScsiPort Driver,iScsiPrt,KernelDriver,Stopped,0
ItSas35i,ItSas35i,KernelDriver,Stopped,0
Keyboard Class Driver,kbdclass,KernelDriver,Running,1
Keyboard HID Driver,kbdhid,KernelDriver,Stopped,0
kbldfltr,kbldfltr,KernelDriver,Stopped,0
Microsoft Kernel Debug Network Miniport (NDIS 6.20),kdnic,KernelDriver,Running,1
KSecDD,KSecDD,KernelDriver,Running,1
KSecPkg,KSecPkg,KernelDriver,Running,1
Kernel Streaming Thunks,ksthunk,KernelDriver,Stopped,0
Link-Layer Topology Discovery Mapper I/O Driver,lltdio,KernelDriver,Running,1
LSI_SAS,LSI_SAS,KernelDriver,Stopped,0
LSI_SAS2i,LSI_SAS2i,KernelDriver,Stopped,0
LSI_SAS3i,LSI_SAS3i,KernelDriver,Stopped,0
LSI_SSS,LSI_SSS,KernelDriver,Stopped,0
UAC File Virtualization,luafv,FileSystemDriver,Running,1
MA-USB Host Controller Driver,mausbhost,KernelDriver,Stopped,0
MA-USB IP Filter Driver,mausbip,KernelDriver,Stopped,0
MBB Network Adapter Class Extension,MbbCx,KernelDriver,Stopped,0
megasas,megasas,KernelDriver,Stopped,0
megasas2i,megasas2i,KernelDriver,Stopped,0
megasas35i,megasas35i,KernelDriver,Stopped,0
megasr,megasr,KernelDriver,Stopped,0
Microsoft Bluetooth Avrcp Transport Driver,Microsoft_Bluetooth_AvrcpTransport,KernelDriver,Stopped,0
Mellanox ConnectX Bus Enumerator,mlx4_bus,KernelDriver,Stopped,0
Multimedia Class Scheduler,MMCSS,KernelDriver,Running,1
Modem,Modem,KernelDriver,Stopped,0
Microsoft Monitor Class Function Driver Service,monitor,KernelDriver,Running,1
Mouse Class Driver,mouclass,KernelDriver,Running,1
Mouse HID Driver,mouhid,KernelDriver,Running,1
Mount Point Manager,mountmgr,KernelDriver,Running,1
Windows Defender Firewall Authorization Driver,mpsdrv,KernelDriver,Running,1
WebDav Client Redirector Driver,MRxDAV,FileSystemDriver,Stopped,0
SMB MiniRedirector Wrapper and Engine,mrxsmb,FileSystemDriver,Running,1
SMB 2.0 MiniRedirector,mrxsmb20,FileSystemDriver,Running,1
Microsoft MAC Bridge,MsBridge,KernelDriver,Stopped,0
Msfs,Msfs,FileSystemDriver,Running,1
Common Driver for Buttons, DockMode and Laptop/Slate Indicator,msgpiowin32,KernelDriver,Stopped,0
mshidkmdf,mshidkmdf,KernelDriver,Stopped,0
Pass-through HID to UMDF Driver,mshidumdf,KernelDriver,Stopped,0
msisadrv,msisadrv,KernelDriver,Running,1
Microsoft Streaming Service Proxy,MSKSSRV,KernelDriver,Stopped,0
Microsoft Link-Layer Discovery Protocol,MsLldp,KernelDriver,Running,1
Microsoft Streaming Clock Proxy,MSPCLOCK,KernelDriver,Stopped,0
Microsoft Streaming Quality Manager Proxy,MSPQM,KernelDriver,Stopped,0
MsQuic,MsQuic,KernelDriver,Running,1
MsRPC,MsRPC,KernelDriver,Stopped,0
Microsoft Security Events Component Minifilter,MsSecFlt,KernelDriver,Running,1
Microsoft System Management BIOS Driver,mssmbios,KernelDriver,Running,1
Microsoft Streaming Tee/Sink-to-Sink Converter,MSTEE,KernelDriver,Stopped,0
Microsoft Input Configuration Driver,MTConfig,KernelDriver,Stopped,0
Mup,Mup,FileSystemDriver,Running,1
mvumis,mvumis,KernelDriver,Stopped,0
NativeWiFi Filter,NativeWifiP,KernelDriver,Stopped,0
NetworkDirect Service,ndfltr,KernelDriver,Stopped,0
NDIS System Driver,NDIS,KernelDriver,Running,1
Microsoft NDIS Capture,NdisCap,KernelDriver,Running,1
Microsoft Network Adapter Multiplexor Protocol,NdisImPlatform,KernelDriver,Stopped,0
Remote Access NDIS TAPI Driver,NdisTapi,KernelDriver,Running,1
NDIS Usermode I/O Protocol,Ndisuio,KernelDriver,Stopped,0
Microsoft Virtual Network Adapter Enumerator,NdisVirtualBus,KernelDriver,Running,1
Remote Access NDIS WAN Driver,NdisWan,KernelDriver,Running,1
Remote Access LEGACY NDIS WAN Driver,ndiswanlegacy,KernelDriver,Stopped,0
NDKPing Driver,NDKPing,KernelDriver,Stopped,0
NDIS Proxy Driver,ndproxy,KernelDriver,Running,1
Windows Network Data Usage Monitoring Driver,Ndu,KernelDriver,Running,1
Network Adapter Wdf Class Extension Library,NetAdapterCx,KernelDriver,Stopped,0
NetBIOS Interface,NetBIOS,FileSystemDriver,Running,1
NetBT,NetBT,KernelDriver,Running,1
netvsc,netvsc,KernelDriver,Running,1
Npfs,Npfs,FileSystemDriver,Running,1
Named pipe service trigger provider,npsvctrig,KernelDriver,Running,1
NSI Proxy Service Driver,nsiproxy,KernelDriver,Running,1
Ntfs,Ntfs,FileSystemDriver,Running,1
Null,Null,KernelDriver,Running,1
Microsoft NVDIMM device driver,nvdimm,KernelDriver,Stopped,0
nvraid,nvraid,KernelDriver,Stopped,0
nvstor,nvstor,KernelDriver,Stopped,0
Parallel port driver,Parport,KernelDriver,Stopped,0
Partition driver,partmgr,KernelDriver,Running,1
PCI Bus Driver,pci,KernelDriver,Running,1
pciide,pciide,KernelDriver,Stopped,0
pcmcia,pcmcia,KernelDriver,Stopped,0
Performance Counters for Windows Driver,pcw,KernelDriver,Running,1
pdc,pdc,KernelDriver,Running,1
PEAUTH,PEAUTH,KernelDriver,Running,1
percsas2i,percsas2i,KernelDriver,Stopped,0
percsas3i,percsas3i,KernelDriver,Stopped,0
Packet Monitor Driver,PktMon,KernelDriver,Stopped,0
Microsoft persistent memory disk driver,pmem,KernelDriver,Stopped,0
Microsoft Memory Module Driver,PNPMEM,KernelDriver,Stopped,0
portcfg,portcfg,KernelDriver,Stopped,0
WAN Miniport (PPTP),PptpMiniport,KernelDriver,Running,1
Processor Driver,Processor,KernelDriver,Stopped,0
QoS Packet Scheduler,Psched,KernelDriver,Running,1
QWAVE driver,QWAVEdrv,KernelDriver,Stopped,0
Windows RAM Disk Driver,Ramdisk,KernelDriver,Stopped,0
Remote Access Auto Connection Driver,RasAcd,KernelDriver,Stopped,0
WAN Miniport (IKEv2),RasAgileVpn,KernelDriver,Running,1
WAN Miniport (L2TP),Rasl2tp,KernelDriver,Running,1
Remote Access PPPOE Driver,RasPppoe,KernelDriver,Running,1
WAN Miniport (SSTP),RasSstp,KernelDriver,Running,1
Redirected Buffering Sub System,rdbss,FileSystemDriver,Running,1
Remote Desktop Device Redirector Bus Driver,rdpbus,KernelDriver,Running,1
Remote Desktop Device Redirector Driver,RDPDR,KernelDriver,Running,1
Remote Desktop Video Miniport Driver,RdpVideoMiniport,KernelDriver,Running,1
ReadyBoost,rdyboost,KernelDriver,Running,1
ReFS,ReFS,FileSystemDriver,Stopped,0
ReFSv1,ReFSv1,FileSystemDriver,Stopped,0
Bluetooth Device (RFCOMM Protocol TDI),RFCOMM,KernelDriver,Stopped,0
Resource Hub proxy driver,rhproxy,KernelDriver,Stopped,0
Link-Layer Topology Discovery Responder,rspndr,KernelDriver,Running,1
s3cap,s3cap,KernelDriver,Running,1
sacdrv,sacdrv,KernelDriver,Running,1
SBP-2 Transport/Protocol Bus Driver,sbp2port,KernelDriver,Stopped,0
Smart card PnP Class Filter Driver,scfilter,KernelDriver,Stopped,0
Microsoft Storage Class Memory Bus Driver,scmbus,KernelDriver,Stopped,0
sdbus,sdbus,KernelDriver,Stopped,0
SDF Reflector,SDFRd,KernelDriver,Stopped,0
SD Storage Port Driver,sdstor,KernelDriver,Stopped,0
Serial UART Support Library,SerCx,KernelDriver,Stopped,0
Serial UART Support Library,SerCx2,KernelDriver,Stopped,0
Serenum Filter Driver,Serenum,KernelDriver,Running,1
Serial port driver,Serial,KernelDriver,Running,1
Serial Mouse Driver,sermouse,KernelDriver,Stopped,0
High-Capacity Floppy Disk Drive,sfloppy,KernelDriver,Stopped,0
System Guard Runtime Monitor Agent,SgrmAgent,KernelDriver,Running,1
SiSRaid2,SiSRaid2,KernelDriver,Stopped,0
SiSRaid4,SiSRaid4,KernelDriver,Stopped,0
SmartSAMD,SmartSAMD,KernelDriver,Stopped,0
smbdirect,smbdirect,FileSystemDriver,Stopped,0
Space Parser,spaceparser,KernelDriver,Stopped,0
Storage Spaces Driver,spaceport,KernelDriver,Running,1
Holographic Spatial Graph Filter,SpatialGraphFilter,KernelDriver,Stopped,0
Simple Peripheral Bus Support Library,SpbCx,KernelDriver,Stopped,0
Server SMB 2.xxx Driver,srv2,FileSystemDriver,Running,1
srvnet,srvnet,FileSystemDriver,Running,1
stexstor,stexstor,KernelDriver,Stopped,0
Microsoft Standard SATA AHCI Driver,storahci,KernelDriver,Stopped,0
Microsoft Hyper-V Storage Accelerator,storflt,KernelDriver,Running,1
Microsoft Standard NVM Express Driver,stornvme,KernelDriver,Stopped,0
Storage QoS Filter Driver,storqosflt,FileSystemDriver,Running,1
Microsoft Universal Flash Storage (UFS) Driver,storufs,KernelDriver,Stopped,0
storvsc,storvsc,KernelDriver,Running,1
Software Bus Driver,swenum,KernelDriver,Running,1
Synth3dVsc,Synth3dVsc,KernelDriver,Stopped,0
TCP/IP Protocol Driver,Tcpip,KernelDriver,Running,1
@todo.dll,-100;Microsoft IPv6 Protocol Driver,Tcpip6,KernelDriver,Stopped,0
TCP/IP Registry Compatibility,tcpipreg,KernelDriver,Running,1
NetIO Legacy TDI Support Driver,tdx,KernelDriver,Running,1
Intel(R) Telemetry Service,Telemetry,KernelDriver,Running,1
Microsoft Remote Desktop Input Driver,terminpt,KernelDriver,Running,1
TPM,TPM,KernelDriver,Stopped,0
Trufos,Trufos,FileSystemDriver,Running,1
Remote Desktop USB Hub Class Filter Driver,TsUsbFlt,KernelDriver,Stopped,0
Remote Desktop Generic USB Device,TsUsbGD,KernelDriver,Stopped,0
Remote Desktop USB Hub,tsusbhub,KernelDriver,Running,1
Microsoft Tunnel Miniport Adapter Driver,tunnel,KernelDriver,Stopped,0
USB Attached SCSI (UAS) Driver,UASPStor,KernelDriver,Stopped,0
USB Connector Manager KMDF Class Extension,UcmCx0101,KernelDriver,Stopped,0
UCM-TCPCI KMDF Class Extension,UcmTcpciCx0101,KernelDriver,Stopped,0
UCM-UCSI ACPI Client,UcmUcsiAcpiClient,KernelDriver,Stopped,0
UCM-UCSI KMDF Class Extension,UcmUcsiCx0101,KernelDriver,Stopped,0
USB Host Support Library,Ucx01000,KernelDriver,Stopped,0
USB Device Emulation Support Library,UdeCx,KernelDriver,Stopped,0
udfs,udfs,FileSystemDriver,Stopped,0
Microsoft UEFI Driver,UEFI,KernelDriver,Stopped,0
UevAgentDriver,UevAgentDriver,FileSystemDriver,Stopped,0
USB Function Class Extension,Ufx01000,KernelDriver,Stopped,0
USB Chipidea Controller,UfxChipidea,KernelDriver,Stopped,0
USB Synopsys Controller,ufxsynopsys,KernelDriver,Stopped,0
UMBus Enumerator Driver,umbus,KernelDriver,Running,1
Microsoft UMPass Driver,UmPass,KernelDriver,Stopped,0
Chipidea USB Role-Switch Driver,UrsChipidea,KernelDriver,Stopped,0
USB Role-Switch Support Library,UrsCx01000,KernelDriver,Stopped,0
Synopsys USB Role-Switch Driver,UrsSynopsys,KernelDriver,Stopped,0
USB Audio Driver (WDM),usbaudio,KernelDriver,Stopped,0
USB Audio 2.0 Service,usbaudio2,KernelDriver,Stopped,0
Microsoft USB Generic Parent Driver,usbccgp,KernelDriver,Stopped,0
eHome Infrared Receiver (USBCIR),usbcir,KernelDriver,Stopped,0
Microsoft USB 2.0 Enhanced Host Controller Miniport Driver,usbehci,KernelDriver,Stopped,0
Microsoft USB Standard Hub Driver,usbhub,KernelDriver,Stopped,0
SuperSpeed Hub,USBHUB3,KernelDriver,Stopped,0
Microsoft USB Open Host Controller Miniport Driver,usbohci,KernelDriver,Stopped,0
Microsoft USB PRINTER Class,usbprint,KernelDriver,Stopped,0
Microsoft USB Serial Driver,usbser,KernelDriver,Stopped,0
USB Mass Storage Driver,USBSTOR,KernelDriver,Stopped,0
Microsoft USB Universal Host Controller Miniport Driver,usbuhci,KernelDriver,Stopped,0
USB xHCI Compliant Host Controller,USBXHCI,KernelDriver,Stopped,0
Microsoft Virtual Drive Enumerator,vdrvroot,KernelDriver,Running,1
Driver Verifier Extension,VerifierExt,KernelDriver,Stopped,0
vhdmp,vhdmp,KernelDriver,Stopped,0
Virtual HID Framework (VHF) Driver,vhf,KernelDriver,Stopped,0
Vid,Vid,KernelDriver,Running,1
VirtualRender,VirtualRender,KernelDriver,Stopped,0
Virtual Machine Bus,vmbus,KernelDriver,Running,1
VMBusHID,VMBusHID,KernelDriver,Running,1
Microsoft Hyper-V Guest Infrastructure Driver,vmgid,KernelDriver,Running,1
Volume Manager Driver,volmgr,KernelDriver,Running,1
Dynamic Volume Manager,volmgrx,KernelDriver,Running,1
Volume Shadow Copy driver,volsnap,KernelDriver,Running,1
Volume driver,volume,KernelDriver,Running,1
Microsoft Hyper-V Virtual PCI Bus,vpci,KernelDriver,Stopped,0
vsmraid,vsmraid,KernelDriver,Stopped,0
VIA StorX Storage RAID Controller Windows Driver,VSTXRAID,KernelDriver,Stopped,0
Virtual Wireless Bus Driver,vwifibus,KernelDriver,Stopped,0
Virtual WiFi Filter Driver,vwififlt,KernelDriver,Running,1
Wacom Serial Pen HID Driver,WacomPen,KernelDriver,Stopped,0
Remote Access IP ARP Driver,wanarp,KernelDriver,Running,1
Remote Access IPv6 ARP Driver,wanarpv6,KernelDriver,Stopped,0
Windows Container Isolation,wcifs,FileSystemDriver,Running,1
Windows Container Name Virtualization,wcnfs,FileSystemDriver,Stopped,0
Microsoft Defender Antivirus Boot Driver,WdBoot,KernelDriver,Stopped,0
Kernel Mode Driver Frameworks service,Wdf01000,KernelDriver,Running,1
Microsoft Defender Antivirus Mini-Filter Driver,WdFilter,FileSystemDriver,Stopped,0
WDI Driver Framework,wdiwifi,KernelDriver,Stopped,0
WdmCompanionFilter,WdmCompanionFilter,KernelDriver,Stopped,0
Microsoft Defender Antivirus Network Inspection System Driver,WdNisDrv,KernelDriver,Stopped,0
Microsoft Windows Filtering Platform,WFPLWFS,KernelDriver,Running,1
WIMMount,WIMMount,FileSystemDriver,Stopped,0
Windows Trusted Execution Environment Class Extension,WindowsTrustedRT,KernelDriver,Running,1
Microsoft Windows Trusted Runtime Secure Service,WindowsTrustedRTProxy,KernelDriver,Running,1
WinMad Service,WinMad,KernelDriver,Stopped,0
Windows NAT Driver,WinNat,KernelDriver,Stopped,0
WinUsb Driver,WINUSB,KernelDriver,Stopped,0
WinVerbs Service,WinVerbs,KernelDriver,Stopped,0
Microsoft Windows Management Interface for ACPI,WmiAcpi,KernelDriver,Stopped,0
Windows Overlay File System Filter Driver,Wof,FileSystemDriver,Running,1
WPD Upper Class Filter Driver,WpdUpFltr,KernelDriver,Stopped,0
Winsock IFS Driver,ws2ifsl,KernelDriver,Stopped,0
User Mode Driver Frameworks Platform Driver,WudfPf,KernelDriver,Stopped,0
Windows Driver Foundation - User-mode Driver Framework Reflector,WUDFRd,KernelDriver,Running,1
Xbox Game Input Protocol Driver,xboxgip,KernelDriver,Stopped,0
XINPUT HID Filter Driver,xinputhid,KernelDriver,Stopped,0
CiscoSAM,CiscoSAM,FileSystemDriver,Running,1
AllJoyn Router Service,AJRouter,Shared,Stopped,0,0
Application Layer Gateway Service,ALG,StandAlone,Stopped,0,0
Application Identity,AppIDSvc,Shared,Stopped,0,0
Application Information,Appinfo,error: unknown,Running,129,4288
Application Management,AppMgmt,Shared,Stopped,0,0
App Readiness,AppReadiness,Shared,Stopped,0,0
Microsoft App-V Client,AppVClient,StandAlone,Stopped,0,0
AppX Deployment Service (AppXSVC),AppXSvc,error: unknown,Running,133,8648
AssignedAccessManager Service,AssignedAccessManagerSvc,Shared,Stopped,0,0
Windows Audio Endpoint Builder,AudioEndpointBuilder,error: unknown,Running,193,2572
Windows Audio,Audiosrv,StandAlone,Running,193,2700
Cellular Time,autotimesvc,StandAlone,Stopped,0,0
ActiveX Installer (AxInstSV),AxInstSV,Shared,Stopped,0,0
BitLocker Drive Encryption Service,BDESVC,Shared,Stopped,0,0
Base Filtering Engine,BFE,Shared,Running,65,3324
Background Intelligent Transfer Service,BITS,error: unknown,Running,4865,9488
Background Tasks Infrastructure Service,BrokerInfrastructure,Shared,Running,4288,648
Bluetooth Audio Gateway Service,BTAGService,Shared,Stopped,0,0
AVCTP service,BthAvctpSvc,error: unknown,Running,1,9160
Bluetooth Support Service,bthserv,Shared,Stopped,0,0
Capability Access Manager Service,camsvc,error: unknown,Stopped,0,0
Connected Devices Platform Service,CDPSvc,error: unknown,Running,65,4084
Certificate Propagation,CertPropSvc,error: unknown,Running,133,2376
Cisco AMP for Endpoints Connector 7.3.15,CiscoAMP_7.3.15,StandAlone,Running,7,10516
Cisco AMP Orbital,CiscoOrbital,StandAlone,Running,5,3632
Cisco Security Connector Monitoring Service 7.3.15,CiscoSCMS_7.3.15,StandAlone,Running,4,3680
Client License Service (ClipSVC),ClipSVC,error: unknown,Running,5,1700
COM+ System Application,COMSysApp,StandAlone,Stopped,0,0
CoreMessaging,CoreMessagingRegistrar,Shared,Running,0,1388
Cryptographic Services,CryptSvc,error: unknown,Running,133,3536
Offline Files,CscService,Shared,Stopped,0,0
DCOM Server Process Launcher,DcomLaunch,Shared,Running,128,648
Optimize drives,defragsvc,StandAlone,Stopped,0,0
Device Association Service,DeviceAssociationService,Shared,Stopped,0,0
Device Install Service,DeviceInstall,Shared,Stopped,0,0
DevQuery Background Discovery Broker,DevQueryBroker,Shared,Stopped,0,0
DHCP Client,Dhcp,error: unknown,Running,5,2284
Microsoft (R) Diagnostics Hub Standard Collector Service,diagnosticshub.standardcollector.service,StandAlone,Stopped,0,0
Diagnostic Execution Service,diagsvc,Shared,Stopped,0,0
Connected User Experiences and Telemetry,DiagTrack,StandAlone,Running,5061,3652
DialogBlockingService,DialogBlockingService,Shared,Stopped,0,0
Display Policy Service,DispBrokerDesktopSvc,error: unknown,Running,1,1836
Display Enhancement Service,DisplayEnhancementService,Shared,Stopped,0,0
Device Management Enrollment Service,DmEnrollmentSvc,StandAlone,Stopped,0,0
Device Management Wireless Application Protocol (WAP) Push message Routing Service,dmwappushservice,Shared,Stopped,0,0
DNS Client,Dnscache,error: unknown,Running,88,2952
Delivery Optimization,DoSvc,error: unknown,Stopped,0,0
Wired AutoConfig,dot3svc,Shared,Stopped,0,0
Diagnostic Policy Service,DPS,error: unknown,Running,5,3572
Device Setup Manager,DsmSvc,error: unknown,Stopped,0,0
Data Sharing Service,DsSvc,Shared,Stopped,0,0
Data Usage,DusmSvc,StandAlone,Running,1,2940
Extensible Authentication Protocol,Eaphost,Shared,Stopped,0,0
Microsoft Edge Update Service (edgeupdate),edgeupdate,StandAlone,Stopped,0,0
Microsoft Edge Update Service (edgeupdatem),edgeupdatem,StandAlone,Stopped,0,0
Encrypting File System (EFS),EFS,Shared,Stopped,0,0
Embedded Mode,embeddedmode,Shared,Stopped,0,0
Enterprise App Management Service,EntAppSvc,Shared,Stopped,0,0
Windows Event Log,EventLog,error: unknown,Running,517,1620
COM+ Event System,EventSystem,error: unknown,Running,1,2292
Fax,Fax,StandAlone,Stopped,0,0
Function Discovery Provider Host,fdPHost,Shared,Stopped,0,0
Function Discovery Resource Publication,FDResPub,Shared,Stopped,0,0
File History Service,fhsvc,Shared,Stopped,0,0
Windows Font Cache Service,FontCache,error: unknown,Running,5,2584
Windows Camera Frame Server,FrameServer,Shared,Stopped,0,0
Google Chrome Elevation Service (GoogleChromeElevationService),GoogleChromeElevationService,StandAlone,Stopped,0,0
Group Policy Client,gpsvc,error: unknown,Running,1345,7192
GraphicsPerfSvc,GraphicsPerfSvc,Shared,Stopped,0,0
Google Update Service (gupdate),gupdate,StandAlone,Stopped,0,0
Google Update Service (gupdatem),gupdatem,StandAlone,Stopped,0,0
Human Interface Device Service,hidserv,Shared,Stopped,0,0
HV Host Service,HvHost,Shared,Stopped,0,0
Windows Mobile Hotspot Service,icssvc,Shared,Stopped,0,0
IKE and AuthIP IPsec Keying Modules,IKEEXT,Shared,Stopped,0,0
Microsoft Store Install Service,InstallService,StandAlone,Running,4097,10044
IP Helper,iphlpsvc,error: unknown,Running,201,3912
Windows Phone IP over USB Transport (IpOverUsbSvc),IpOverUsbSvc,StandAlone,Running,5,3600
IP Translation Configuration Service,IpxlatCfgSvc,Shared,Stopped,0,0
CNG Key Isolation,KeyIso,Shared,Running,1,944
KtmRm for Distributed Transaction Coordinator,KtmRm,Shared,Stopped,0,0
Server,LanmanServer,error: unknown,Running,1,3792
Workstation,LanmanWorkstation,error: unknown,Running,67,2736
Geolocation Service,lfsvc,Shared,Stopped,0,0
Windows License Manager Service,LicenseManager,error: unknown,Running,1,5720
Link-Layer Topology Discovery Mapper,lltdsvc,Shared,Stopped,0,0
TCP/IP NetBIOS Helper,lmhosts,error: unknown,Running,1,1332
Local Session Manager,LSM,error: unknown,Running,0,1100
Language Experience Service,LxpSvc,Shared,Stopped,0,0
Downloaded Maps Manager,MapsBroker,StandAlone,Stopped,0,0
Microsoft Edge Elevation Service (MicrosoftEdgeElevationService),MicrosoftEdgeElevationService,StandAlone,Stopped,0,0
Windows Mixed Reality OpenXR Service,MixedRealityOpenXRSvc,Shared,Stopped,0,0
Mozilla Maintenance Service,MozillaMaintenance,StandAlone,Stopped,0,0
Windows Defender Firewall,mpssvc,Shared,Running,0,3324
Distributed Transaction Coordinator,MSDTC,StandAlone,Stopped,0,0
Microsoft iSCSI Initiator Service,MSiSCSI,Shared,Stopped,0,0
Windows Installer,msiserver,StandAlone,Stopped,0,0
Microsoft Keyboard Filter,MsKeyboardFilter,Shared,Stopped,0,0
Natural Authentication,NaturalAuthentication,Shared,Stopped,0,0
Network Connectivity Assistant,NcaSvc,Shared,Stopped,0,0
Network Connection Broker,NcbService,error: unknown,Running,129,1436
Network Connected Devices Auto-Setup,NcdAutoSetup,Shared,Stopped,0,0
Netlogon,Netlogon,Shared,Stopped,0,0
Network Connections,Netman,Shared,Stopped,0,0
Network List Service,netprofm,error: unknown,Running,1025,2728
Network Setup Service,NetSetupSvc,Shared,Stopped,0,0
Net.Tcp Port Sharing Service,NetTcpPortSharing,Shared,Stopped,0,0
Microsoft Passport Container,NgcCtnrSvc,error: unknown,Running,257,1504
Microsoft Passport,NgcSvc,error: unknown,Running,4225,5996
Network Location Awareness,NlaSvc,error: unknown,Running,193,2528
Network Store Interface Service,nsi,error: unknown,Running,1,700
Peer Networking Identity Manager,p2pimsvc,Shared,Stopped,0,0
Peer Networking Grouping,p2psvc,Shared,Stopped,0,0
Program Compatibility Assistant Service,PcaSvc,error: unknown,Running,133,3084
BranchCache,PeerDistSvc,Shared,Stopped,0,0
Windows Perception Simulation Service,perceptionsimulation,StandAlone,Stopped,0,0
Performance Counter DLL Host,PerfHost,StandAlone,Stopped,0,0
Phone Service,PhoneSvc,Shared,Stopped,0,0
Performance Logs & Alerts,pla,error: unknown,Running,5,5440
Plug and Play,PlugPlay,Shared,Running,5,648
PNRP Machine Name Publication Service,PNRPAutoReg,Shared,Stopped,0,0
Peer Name Resolution Protocol,PNRPsvc,Shared,Stopped,0,0
IPsec Policy Agent,PolicyAgent,error: unknown,Running,5,4864
Power,Power,Shared,Running,0,648
Printer Extensions and Notifications,PrintNotify,Shared(Interactive),Stopped,0,0
User Profile Service,ProfSvc,error: unknown,Running,5,1568
Windows PushToInstall Service,PushToInstall,error: unknown,Stopped,0,0
Quality Windows Audio Video Experience,QWAVE,Shared,Stopped,0,0
Remote Access Auto Connection Manager,RasAuto,Shared,Stopped,0,0
Remote Access Connection Manager,RasMan,Shared,Running,197,4024
RdAgent,RdAgent,StandAlone,Running,5,3544
Routing and Remote Access,RemoteAccess,Shared,Stopped,0,0
Remote Registry,RemoteRegistry,Shared,Stopped,0,0
Retail Demo Service,RetailDemo,Shared,Stopped,0,0
Radio Management Service,RmSvc,error: unknown,Running,1025,4956
RPC Endpoint Mapper,RpcEptMapper,Shared,Running,0,1052
Remote Procedure Call (RPC) Locator,RpcLocator,StandAlone,Stopped,0,0
Remote Procedure Call (RPC),RpcSs,Shared,Running,192,1052
Special Administration Console Helper,sacsvr,error: unknown,Running,3,3592
Security Accounts Manager,SamSs,Shared,Running,0,944
BitDefender Threat Scanner,scan,Shared,Stopped,0,0
Smart Card,SCardSvr,Shared,Stopped,0,0
Smart Card Device Enumeration Service,ScDeviceEnum,error: unknown,Running,1153,1072
Task Scheduler,Schedule,error: unknown,Running,4805,1452
Smart Card Removal Policy,SCPolicySvc,Shared,Stopped,0,0
Windows Backup,SDRSVC,StandAlone,Stopped,0,0
Secondary Logon,seclogon,Shared,Stopped,0,0
Windows Security Service,SecurityHealthService,StandAlone,Running,320,7188
Payments and NFC/SE Manager,SEMgrSvc,StandAlone,Running,1,1768
System Event Notification Service,SENS,error: unknown,Running,65,2480
Windows Defender Advanced Threat Protection Service,Sense,StandAlone,Stopped,0,0
Sensor Data Service,SensorDataService,StandAlone,Stopped,0,0
Sensor Service,SensorService,Shared,Stopped,0,0
Sensor Monitoring Service,SensrSvc,Shared,Stopped,0,0
Remote Desktop Configuration,SessionEnv,error: unknown,Running,641,2904
System Guard Runtime Monitor Broker,SgrmBroker,StandAlone,Running,4,6764
Internet Connection Sharing (ICS),SharedAccess,Shared,Stopped,0,0
Spatial Data Service,SharedRealitySvc,Shared,Stopped,0,0
Shell Hardware Detection,ShellHWDetection,error: unknown,Running,193,2512
Shared PC Account Manager,shpamsvc,Shared,Stopped,0,0
Microsoft Storage Spaces SMP,smphost,StandAlone,Stopped,0,0
Microsoft Windows SMS Router Service.,SmsRouter,Shared,Stopped,0,0
SNMP Trap,SNMPTRAP,StandAlone,Stopped,0,0
Windows Perception Service,spectrum,StandAlone,Stopped,0,0
Print Spooler,Spooler,StandAlone(Interactive),Running,1217,3276
Software Protection,sppsvc,StandAlone,Stopped,0,0
SSDP Discovery,SSDPSRV,error: unknown,Running,5,5924
OpenSSH Authentication Agent,ssh-agent,StandAlone,Running,1,3640
OpenSSH SSH Server,sshd,StandAlone,Running,1,3624
Secure Socket Tunneling Protocol Service,SstpSvc,error: unknown,Running,5,3616
State Repository Service,StateRepository,error: unknown,Running,13,1896
Windows Image Acquisition (WIA),stisvc,StandAlone,Stopped,0,0
Storage Service,StorSvc,error: unknown,Running,1537,8460
Spot Verifier,svsvc,Shared,Stopped,0,0
Microsoft Software Shadow Copy Provider,swprv,StandAlone,Stopped,0,0
SysMain,SysMain,error: unknown,Running,197,2268
System Events Broker,SystemEventsBroker,Shared,Running,4801,648
Touch Keyboard and Handwriting Panel Service,TabletInputService,error: unknown,Running,128,6520
Telephony,TapiSrv,Shared,Stopped,0,0
Remote Desktop Services,TermService,error: unknown,Running,5,1280
Themes,Themes,error: unknown,Running,1,2276
Storage Tiers Management,TieringEngineService,StandAlone,Stopped,0,0
Time Broker,TimeBrokerSvc,error: unknown,Running,577,1444
Web Account Manager,TokenBroker,error: unknown,Running,1,3740
Distributed Link Tracking Client,TrkWks,error: unknown,Running,5,3564
Recommended Troubleshooting Service,TroubleshootingSvc,Shared,Stopped,0,0
Windows Modules Installer,TrustedInstaller,StandAlone,Running,321,3800
Auto Time Zone Updater,tzautoupdate,Shared,Stopped,0,0
User Experience Virtualization Service,UevAgentService,StandAlone,Stopped,0,0
Microsoft Update Health Service,uhssvc,StandAlone,Stopped,0,0
Remote Desktop Services UserMode Port Redirector,UmRdpService,error: unknown,Running,133,1912
UPnP Device Host,upnphost,Shared,Stopped,0,0
User Manager,UserManager,error: unknown,Running,1,1812
Update Orchestrator Service,UsoSvc,error: unknown,Running,5,8956
Volumetric Audio Compositor Service,VacSvc,StandAlone,Stopped,0,0
Credential Manager,VaultSvc,Shared,Running,133,944
Virtual Disk,vds,StandAlone,Stopped,0,0
Hyper-V Guest Service Interface,vmicguestinterface,Shared,Stopped,0,0
Hyper-V Heartbeat Service,vmicheartbeat,error: unknown,Running,67,1664
Hyper-V Data Exchange Service,vmickvpexchange,error: unknown,Running,67,1684
Hyper-V Remote Desktop Virtualization Service,vmicrdv,Shared,Stopped,0,0
Hyper-V Guest Shutdown Service,vmicshutdown,error: unknown,Running,67,1760
Hyper-V Time Synchronization Service,vmictimesync,error: unknown,Running,67,1804
Hyper-V PowerShell Direct Service,vmicvmsession,Shared,Stopped,0,0
Hyper-V Volume Shadow Copy Requestor,vmicvss,Shared,Stopped,0,0
Volume Shadow Copy,VSS,StandAlone,Stopped,0,0
Visual Studio Standard Collector Service 150,VSStandardCollectorService150,StandAlone,Stopped,0,0
Windows Time,W32Time,error: unknown,Running,125,3584
Windows Update Medic Service,WaaSMedicSvc,error: unknown,Stopped,0,0
WalletService,WalletService,Shared,Stopped,0,0
WarpJITSvc,WarpJITSvc,StandAlone,Stopped,0,0
Block Level Backup Engine Service,wbengine,StandAlone,Stopped,0,0
Windows Biometric Service,WbioSrvc,error: unknown,Running,1345,4892
Windows Connection Manager,Wcmsvc,StandAlone,Running,4805,2936
Windows Connect Now - Config Registrar,wcncsvc,Shared,Stopped,0,0
Diagnostic Service Host,WdiServiceHost,error: unknown,Running,5,3204
Diagnostic System Host,WdiSystemHost,error: unknown,Running,5,4296
Microsoft Defender Antivirus Network Inspection Service,WdNisSvc,StandAlone,Stopped,0,0
WebClient,WebClient,Shared,Stopped,0,0
Windows Event Collector,Wecsvc,Shared,Stopped,0,0
Windows Encryption Provider Host Service,WEPHOSTSVC,Shared,Stopped,0,0
Problem Reports Control Panel Support,wercplsupport,Shared,Stopped,0,0
Windows Error Reporting Service,WerSvc,StandAlone,Stopped,0,0
Wi-Fi Direct Services Connection Manager Service,WFDSConMgrSvc,Shared,Stopped,0,0
Still Image Acquisition Events,WiaRpc,Shared,Stopped,0,0
Microsoft Defender Antivirus Service,WinDefend,StandAlone,Stopped,0,0
Windows Azure Guest Agent,WindowsAzureGuestAgent,StandAlone,Running,5,3608
WinHTTP Web Proxy Auto-Discovery Service,WinHttpAutoProxySvc,error: unknown,Running,68,3032
Windows Management Instrumentation,Winmgmt,error: unknown,Running,7,3552
Windows Remote Management (WS-Management),WinRM,Shared,Stopped,0,0
Windows Insider Service,wisvc,error: unknown,Stopped,0,0
WLAN AutoConfig,WlanSvc,StandAlone,Stopped,0,0
Microsoft Account Sign-in Assistant,wlidsvc,error: unknown,Stopped,0,0
Local Profile Assistant Service,wlpasvc,Shared,Stopped,0,0
Windows Management Service,WManSvc,Shared,Stopped,0,0
WMI Performance Adapter,wmiApSrv,StandAlone,Stopped,0,0
Windows Media Player Network Sharing Service,WMPNetworkSvc,StandAlone,Stopped,0,0
Work Folders,workfolderssvc,Shared,Stopped,0,0
Parental Controls,WpcMonSvc,StandAlone,Stopped,0,0
Portable Device Enumerator Service,WPDBusEnum,error: unknown,Stopped,0,0
Windows Push Notifications System Service,WpnService,error: unknown,Running,1025,3660
Security Center,wscsvc,error: unknown,Running,133,7252
Windows Search,WSearch,StandAlone,Running,4293,6508
Windows Update,wuauserv,error: unknown,Stopped,0,0
WWAN AutoConfig,WwanSvc,Shared,Stopped,0,0
Xbox Live Auth Manager,XblAuthManager,Shared,Stopped,0,0
Xbox Live Game Save,XblGameSave,Shared,Stopped,0,0
Xbox Accessory Management Service,XboxGipSvc,Shared,Stopped,0,0
Xbox Live Networking Service,XboxNetApiSvc,Shared,Stopped,0,0
Agent Activation Runtime_87069,AarSvc_87069,error: unknown,Stopped,0,0
GameDVR and Broadcast User Service_87069,BcastDVRUserService_87069,error: unknown,Stopped,0,0
Bluetooth User Support Service_87069,BluetoothUserService_87069,error: unknown,Stopped,0,0
CaptureService_87069,CaptureService_87069,error: unknown,Stopped,0,0
Clipboard User Service_87069,cbdhsvc_87069,error: unknown,Running,193,6960
Connected Devices Platform User Service_87069,CDPUserSvc_87069,error: unknown,Running,193,2456
ConsentUX_87069,ConsentUxUserSvc_87069,error: unknown,Stopped,0,0
CredentialEnrollmentManagerUserSvc_87069,CredentialEnrollmentManagerUserSvc_87069,error: unknown,Stopped,0,0
DeviceAssociationBroker_87069,DeviceAssociationBrokerSvc_87069,error: unknown,Stopped,0,0
DevicePicker_87069,DevicePickerUserSvc_87069,error: unknown,Stopped,0,0
DevicesFlow_87069,DevicesFlowUserSvc_87069,error: unknown,Stopped,0,0
MessagingService_87069,MessagingService_87069,error: unknown,Stopped,0,0
Sync Host_87069,OneSyncSvc_87069,error: unknown,Running,1025,3764
Contact Data_87069,PimIndexMaintenanceSvc_87069,error: unknown,Stopped,0,0
PrintWorkflow_87069,PrintWorkflowUserSvc_87069,error: unknown,Stopped,0,0
Udk User Service_87069,UdkUserSvc_87069,error: unknown,Stopped,0,0
User Data Storage_87069,UnistoreSvc_87069,error: unknown,Stopped,0,0
User Data Access_87069,UserDataSvc_87069,error: unknown,Stopped,0,0
Windows Push Notifications User Service_87069,WpnUserService_87069,error: unknown,Running,1281,3712
