GUID,App name,Version,Publisher,Install date
7-Zip,7-Zip 19.00 (x64),19.00,"Igor Pavlov",
AddressBook,,,"",
Connection Manager,,,"",
DirectDrawEx,,,"",
DXM_Runtime,,,"",
Fontcore,,,"",
IE40,,,"",
IE4Data,,,"",
IE5BAKEX,,,"",
IEData,,,"",
Microsoft Edge,,,"",
MobileOptionPack,,,"",
Mozilla Firefox 89.0.1 (x64 en-US),Mozilla Firefox 89.0.1 (x64 en-US),89.0.1,"Mozilla",
MozillaMaintenanceService,Mozilla Maintenance Service,89.0.1,"Mozilla",
MPlayer2,,,"",
SchedulingAgent,,,"",
Sublime Text_is1,Sublime Text,,"Sublime HQ Pty Ltd",20210611
WIC,,,"",
{1F3C3AAC-9F7A-47DA-A082-0ACE770041BE},DiagnosticsHub_CollectionService,16.1.28901,"Microsoft Corporation",20210513
{351016A7-AED4-4824-8D2E-2F9ED497CF77},Python 3.9.5 Tcl/Tk Support (64-bit),3.9.5150.0,"Python Software Foundation",20210513
{420E50F6-A8E8-4098-A321-7DF6B3C3BA82},Python 3.9.5 Utility Scripts (64-bit),3.9.5150.0,"Python Software Foundation",20210513
{455DF12C-7D43-4EFF-AE2F-43C8AF2817A3},Microsoft Visual C++ 2019 X64 Minimum Runtime - 14.28.29914,14.28.29914,"Microsoft Corporation",20210513
{4EFE695B-F377-4CB0-90E3-6AEEE22DEFEB},Python 3.9.5 Documentation (64-bit),3.9.5150.0,"Python Software Foundation",20210513
{5A23DBE2-A05C-4A9C-9C17-EA88BF5D7B43},Microsoft Visual C++ 2019 X64 Additional Runtime - 14.28.29914,14.28.29914,"Microsoft Corporation",20210513
{605117B9-EE12-4498-A089-A63219191799},Python 3.9.5 Test Suite (64-bit),3.9.5150.0,"Python Software Foundation",20210513
{6F320B93-EE3C-4826-85E0-ADF79F8D4C61},Microsoft Visual Studio Installer,2.9.3366.28650,"Microsoft Corporation",20210513
{7559EB6B-36F9-4AE8-8970-532E4DC0ECA3},Python 3.9.5 pip Bootstrap (64-bit),3.9.5150.0,"Python Software Foundation",20210513
{843C07B6-040E-4E83-B244-5383247D70AB},Python 3.9.5 Executables (64-bit),3.9.5150.0,"Python Software Foundation",20210513
{8A4CD158-E6B3-6D91-D7DE-10098BC980E2},Application Verifier x64 External Package,10.1.19041.685,"Microsoft",20210513
{8D7CE3B0-5379-46FE-9F4B-A65D9F4CC1F1},Microsoft System CLR Types for SQL Server 2019 CTP2.2,15.0.1200.24,"Microsoft Corporation",20210513
{A0E1B43D-5F4A-46AF-9925-ABA3423325DC},Microsoft Update Health Tools,2.77.0.0,"Microsoft Corporation",20210612
{A4272808-82F5-410F-A5F9-1BF6F63F6B9A},VS Script Debugging Common,16.0.102.0,"Microsoft Corporation",20210513
{AEE58901-97A1-422A-B964-4FD9BF3327B8},Python 3.9.5 Development Libraries (64-bit),3.9.5150.0,"Python Software Foundation",20210513
{B994480E-2AA4-4B45-98BA-C01D9F8D2C90},vs_Graphics_Singletonx64,16.9.31004,"Microsoft Corporation",20210513
{BE81151A-BB3B-45E6-8222-1158C0204ABF},Microsoft Visual C++ 2019 X64 Debug Runtime - 14.28.29914,14.28.29914,"Microsoft Corporation",20210513
{C7E8A4F2-EF09-42A8-B892-69D5ED99D965},VS JIT Debugger,16.0.102.0,"Microsoft Corporation",20210513
{CD06199B-41C1-AE6D-7567-984CC68792C3},Universal CRT Tools x64,10.1.19041.685,"Microsoft Corporation",20210513
{D2886D0B-F38D-EB07-2108-B6218761F8F9},Windows App Certification Kit Native Components,10.1.19041.685,"Microsoft Corporation",20210513
{D5AAB2FD-5479-4D8D-93DB-924642ADFB4C},Cisco AMP Orbital,1.10.7,"Cisco Systems, Inc.",20210621
{D74AF03C-D072-4551-9D8E-4312E22685FB},icecap_collection_x64,16.9.31004,"Microsoft Corporation",20210513
{EBD149F6-9F46-49E4-ED99-25D2A0ECDBBD},Windows SDK DirectX x64 Remote,10.1.19041.685,"Microsoft Corporation",20210513
{F4DC18F4-6323-4BE8-A322-38268831BC24},Python 3.9.5 Standard Library (64-bit),3.9.5150.0,"Python Software Foundation",20210513
{FB8010D4-05F4-420D-8DFC-2F911A6DD100},Google Earth Pro,7.3.3.7786,"Google",20210611
{FBB6299D-CB58-4177-B6A0-63BFB1C8C3AE},Python 3.9.5 Core Interpreter (64-bit),3.9.5150.0,"Python Software Foundation",20210513
