<?xml version="1.0" encoding="UTF-8"?>
<Signature xmlns="http://www.w3.org/2000/09/xmldsig#">
<SignedInfo>
<CanonicalizationMethod Algorithm="http://www.w3.org/TR/2001/REC-xml-c14n-20010315"/>
<SignatureMethod Algorithm="http://www.w3.org/2000/09/xmldsig#rsa-sha1"/>
<Reference URI="#obj-mrrkMNn44g">
<Transforms>
<Transform Algorithm="http://www.w3.org/TR/2001/REC-xml-c14n-20010315"/>
</Transforms>
<DigestMethod Algorithm="http://www.w3.org/2000/09/xmldsig#sha1"/>
<DigestValue>Y7EHOE1qqfViExtwUKVRWBqib1g=</DigestValue>
</Reference>
</SignedInfo>
<SignatureValue>F/KKCrpPOlkC1I6KYz6sCBBz6JqosCVx6BfLQPDOhTFFBBm1QfzpicG3WlD5c0lh
0GewinjRkInQb5azRAZZG5ARrP61EN7ElWpksrYqiyB/KgMVb+v3hYcpvL0HPIes
0lBIoZHGRb/s+QYkKMfGR6RQ6hnmBKODkH6NtTw6odk=</SignatureValue>
<Object Id="obj-mrrkMNn44g"><config type="policy">
  <janus>
    <business>
      <uuid>33c5f443-f6e7-477b-bf70-599cc43966bf</uuid>
    </business>
    <policy>
      <uuid>e9a75b58-cb0f-4f79-9bed-a5194e3ab733</uuid>
      <serial_number>271</serial_number>
      <name>Protect</name>
      <updated>1623959579000</updated>
    </policy>
    <endpoint>
      <est>enrolment.amp.cisco.com</est>
      <event>https://intake.amp.cisco.com/event/</event>
      <mgmt>https://mgmt.amp.cisco.com/agent/v1/</mgmt>
      <policy>
        <affiliate>https://policy.amp.cisco.com/policy/affiliate/[%set:config/agent/affiliate/uuid%]/policy</affiliate>
        <agent>https://policy.amp.cisco.com/policy/agent/[%set:config/agent/uuid%]/policy</agent>
        <company>https://policy.amp.cisco.com/policy/company/[%set:config/janus/business/uuid%]/policy</company>
        <policy>https://policy.amp.cisco.com/policy/policy/[%set:config/janus/policy/uuid%]/policy</policy>
        <policyreadpriority>1</policyreadpriority>
      </policy>
    </endpoint>
    <policy_enabled>1</policy_enabled>
    <retrospective_confirmations>0</retrospective_confirmations>
    <upload>
      <event>
        <enabled>1</enabled>
      </event>
    </upload>
    <agent_guid_sync_type>0</agent_guid_sync_type>
    <senduserinfo>1</senduserinfo>
    <pro>
      <enabled>1</enabled>
    </pro>
  </janus>
  <orbital>
    <enablemsi>1</enablemsi>
    <server>ncp.orbital.amp.cisco.com:443</server>
    <updater>
      <protocol>https</protocol>
      <server>orbital.amp.cisco.com</server>
      <path>/static/update.xml</path>
      <interval>3600</interval>
      <smallinterval>300</smallinterval>
      <signer>Cisco Systems, Inc.</signer>
    </updater>
  </orbital>
  <agent>
    <apde>
      <enable>1</enable>
      <mode>1</mode>
      <update_xml_uri>https://apde.amp.cisco.com/apde-signatures/33c5f443-f6e7-477b-bf70-599cc43966bf/apde.xml</update_xml_uri>
      <forensic_snapshot_uri>https://mgmt.amp.cisco.com/agent/v1/forensic_snapshot</forensic_snapshot_uri>
      <http_upload_uri>https://rff.amp.cisco.com/agent/v1/uploads/</http_upload_uri>
    </apde>
    <etw>
      <enabled>1</enabled>
    </etw>
    <cloud>
      <port>443</port>
      <nfm>
        <action>
          <conn>
            <l0>0</l0>
            <l1>25</l1>
            <l2>50</l2>
            <l3>100</l3>
          </conn>
        </action>
      </nfm>
      <server>a.immunet.com</server>
      <asn1_port>443</asn1_port>
      <asn1_host>cloud-ec-asn.amp.cisco.com</asn1_host>
      <host>cloud-ec.amp.cisco.com</host>
      <lookup>
        <flk>
          <exec>1</exec>
        </flk>
        <filetype>
          <high>0x000000000001f317</high>
          <low>0xe78011000002c602</low>
        </filetype>
        <ip_list>
          <ip>52.20.123.238</ip>
        </ip_list>
        <fileextension>
          <enable>1</enable>
        </fileextension>
      </lookup>
      <cache>
        <ttl>
          <unknown>3600</unknown>
          <clean>3600</clean>
          <malicious>3600</malicious>
          <unseen>3600</unseen>
          <block>3600</block>
        </ttl>
      </cache>
      <sendfp>1</sendfp>
      <upload>
        <enabled>0</enabled>
      </upload>
    </cloud>
    <scansettings>
      <clamav>
        <ondemand>
          <enabled>1</enabled>
        </ondemand>
        <options>
          <ondemand>
            <scanarchives>1</scanarchives>
            <scanpacked>1</scanpacked>
          </ondemand>
          <onscan>
            <enabled>1</enabled>
            <scanarchives>1</scanarchives>
            <scanpacked>1</scanpacked>
          </onscan>
        </options>
        <available>0</available>
        <updater>
          <interval>1800</interval>
          <enable>0</enable>
        </updater>
        <enable>0</enable>
      </clamav>
      <tetra>
        <options>
          <ondemand>
            <scansystem>0</scansystem>
            <scanregistry>0</scanregistry>
            <scanprocesses>0</scanprocesses>
            <scanBoot>0</scanBoot>
            <scancookies>0</scancookies>
            <maxarchive>0</maxarchive>
            <scanarchives>1</scanarchives>
            <scanemail>0</scanemail>
            <scanpacked>1</scanpacked>
            <deepscan>0</deepscan>
          </ondemand>
          <threattypes>0x3F</threattypes>
        </options>
        <updater>
          <server>tetra-defs.amp.cisco.com</server>
          <interval>1800</interval>
          <enable>1</enable>
          <https>1</https>
          <allow_manual>1</allow_manual>
        </updater>
        <enable>1</enable>
        <lc>t3sQYdVbmZqA1BN1F51dQy+ZLGvNrXrqA/RofckLcQ6E8c5k3z5Vy3mrT3RFzI1qPsD9vHREoO3NUE05Sq0R3w==</lc>
      </tetra>
      <sched_userlogon>0</sched_userlogon>
      <maxarchivefilesize>52428800</maxarchivefilesize>
      <maxfilesize>52428800</maxfilesize>
      <ssd>0</ssd>
      <ethos>
        <file>1</file>
        <process>0</process>
        <scan>0</scan>
        <enable>1</enable>
      </ethos>
      <spero>
        <enable>1</enable>
      </spero>
      <sched_scan_id>0</sched_scan_id>
    </scansettings>
    <nfm>
      <available>1</available>
      <settings>
        <cs>1000</cs>
        <cto>500</cto>
        <fs>1000</fs>
        <mode>1</mode>
        <to>60000</to>
        <qaction>1</qaction>
      </settings>
      <enable>1</enable>
    </nfm>
    <submission>
      <protocol>https</protocol>
      <http_max_size>52428800</http_max_size>
      <http_upload_server>submit.amp.cisco.com</http_upload_server>
      <retro>
        <upload_server>rff.amp.cisco.com</upload_server>
      </retro>
    </submission>
    <upload>
      <maxc>20</maxc>
      <dbint>21600</dbint>
    </upload>
    <driver>
      <blockexecqaction>1</blockexecqaction>
      <protmode>
        <file>1</file>
        <qaction>1</qaction>
        <active>0</active>
        <activeexec>0</activeexec>
        <activemove>0</activemove>
        <process>1</process>
        <selfprotect>1</selfprotect>
      </protmode>
      <blockexec>1</blockexec>
      <selfprotect>
        <spp>1</spp>
        <mkp>1</mkp>
        <sde>1</sde>
        <spp_qaction>1</spp_qaction>
      </selfprotect>
    </driver>
    <hb>
      <interval>900</interval>
      <smallinterval>300</smallinterval>
      <startdelay>3</startdelay>
    </hb>
    <crashdump>
      <url>https://crash.amp.cisco.com/crash</url>
    </crashdump>
    <control>
      <service>0</service>
      <uninstall>0</uninstall>
    </control>
    <log>
      <level>549755813887</level>
      <showcmdline>0</showcmdline>
    </log>
    <history>
      <verbose>0</verbose>
    </history>
    <endpointisolation>
      <enable>0</enable>
      <allowproxy>0</allowproxy>
    </endpointisolation>
    <cmdlinecapture>
      <enable>1</enable>
      <envflt>
        <enable>1</enable>
        <info>
          <item>USERNAME</item>
          <item>PATH</item>
        </info>
      </envflt>
      <rate>
        <count>100</count>
        <interval>3600</interval>
      </rate>
    </cmdlinecapture>
    <heuristic>
      <enable>1</enable>
      <logLevel>1</logLevel>
      <qaction>1</qaction>
      <asd>1</asd>
      <rw>
        <enable_tsd>0</enable_tsd>
        <rule>
          <version>1</version>
          <rewrite>
            <cnt>5</cnt>
            <rename_chk>1</rename_chk>
            <same_dir>1</same_dir>
            <first_byte_check>0</first_byte_check>
            <ascii_check>1</ascii_check>
            <read_ascii_check>1</read_ascii_check>
            <max_interval_btw_read_write>180</max_interval_btw_read_write>
            <max_interval_btw_rewrites>180</max_interval_btw_rewrites>
          </rewrite>
          <rwd>
            <cnt>5</cnt>
            <filename_incl_chk>1</filename_incl_chk>
            <mv_is_del>1</mv_is_del>
            <first_byte_check>0</first_byte_check>
            <ascii_check>1</ascii_check>
            <read_ascii_check>1</read_ascii_check>
            <single_op_max_interval>180</single_op_max_interval>
            <max_interval_btw_delete>180</max_interval_btw_delete>
          </rwd>
        </rule>
        <system_graph>
          <max_in_files>1000</max_in_files>
          <max_out_files>1000</max_out_files>
          <remove_in_files>100</remove_in_files>
          <remove_out_files>100</remove_out_files>
          <max_total_edges>10000</max_total_edges>
          <remove_total_edges>1000</remove_total_edges>
          <ttl_in_files>180</ttl_in_files>
          <ttl_out_files>180</ttl_out_files>
        </system_graph>
      </rw>
    </heuristic>
    <exprev>
      <enable>1</enable>
      <log_level>1</log_level>
      <options>0x00000008</options>
      <v1>
        <include_app_list>MicrosoftEdgeCP.exe|browser_broker.exe|msedge.exe|excel.exe|winword.exe|powerpnt.exe|outlook.exe|iexplore.exe|firefox.exe|chrome.exe|teamviewer.exe|vlc.exe|wscript.exe|powershell.exe|acrord32.exe|rundll32.exe|taskeng.exe|regsvr32.exe|mshta.exe|cscript.exe|regasm.exe|zoom.exe|skype.exe|slack.exe|CiscoCollabHost.exe|CiscoWebexStart.exe|Teams.exe|C:\Users\*\AppData\Local\Temp\*|C:\Users\*\AppData\Roaming\*</include_app_list>
        <dll_block_list>Windows.Media.Protection.PlayReady.dll|activation2-vc100-mt-s-x86.dll|activation2-vc120-mt-s-x86.dll|mono.dll|wwlib.dll|chrome_child.dll|oranls11.dll|ChakraCore.dll</dll_block_list>
        <exclude_app_list>fcags.exe|mfeepmpk_utility.exe</exclude_app_list>
      </v1>
      <v3>
        <include_app_list>MicrosoftEdgeCP.exe|browser_broker.exe|msedge.exe|excel.exe|winword.exe|powerpnt.exe|outlook.exe|iexplore.exe|firefox.exe|chrome.exe|teamviewer.exe|vlc.exe|wscript.exe|powershell.exe|acrord32.exe|rundll32.exe|taskeng.exe|regsvr32.exe|mshta.exe|cscript.exe|regasm.exe|zoom.exe|skype.exe|slack.exe|CiscoCollabHost.exe|CiscoWebexStart.exe|Teams.exe|C:\Users\*\AppData\Local\Temp\*|C:\Users\*\AppData\Roaming\*|eqnedt32.exe</include_app_list>
        <dll_block_list>Windows.Media.Protection.PlayReady.dll|activation2-vc100-mt-s-x86.dll|activation2-vc120-mt-s-x86.dll|mono.dll|wwlib.dll|chrome_child.dll|oranls11.dll|ChakraCore.dll</dll_block_list>
        <exclude_app_list>fcags.exe|mfeepmpk_utility.exe</exclude_app_list>
        <options>0x0000002B</options>
      </v3>
      <v4>
        <include_app_list>MicrosoftEdgeCP.exe|browser_broker.exe|msedge.exe|excel.exe|winword.exe|powerpnt.exe|outlook.exe|iexplore.exe|firefox.exe|chrome.exe|teamviewer.exe|vlc.exe|wscript.exe|powershell.exe|acrord32.exe|rundll32.exe|taskeng.exe|regsvr32.exe|mshta.exe|cscript.exe|regasm.exe|zoom.exe|skype.exe|slack.exe|CiscoCollabHost.exe|CiscoWebexStart.exe|Teams.exe|C:\Users\*\AppData\Local\Temp\*|C:\Users\*\AppData\Roaming\*|eqnedt32.exe</include_app_list>
        <dll_block_list>Windows.Media.Protection.PlayReady.dll|activation2-vc100-mt-s-x86.dll|activation2-vc120-mt-s-x86.dll|mono.dll|wwlib.dll|chrome_child.dll|oranls11.dll|ChakraCore.dll</dll_block_list>
        <exclude_app_list>fcags.exe|mfeepmpk_utility.exe</exclude_app_list>
        <script_control>
          <exclude/>
          <rule>WINWORD.EXE|wbemdisp.dll|System.Management.Automation.dll|System.Management.Automation.ni.dll</rule>
          <rule>EXCEL.EXE|wbemdisp.dll|System.Management.Automation.dll|System.Management.Automation.ni.dll</rule>
          <rule>POWERPNT.EXE|wbemdisp.dll|System.Management.Automation.dll|System.Management.Automation.ni.dll</rule>
          <rule>OUTLOOK.EXE|wbemdisp.dll|scrobj.dll|System.Management.Automation.dll|System.Management.Automation.ni.dll</rule>
          <rule>REGSVR32.exe|scrobj.dll</rule>
          <audit>0</audit>
        </script_control>
        <folder_white_list/>
        <options>0x0000012B</options>
      </v4>
    </exprev>
    <amsi>
      <enable>1</enable>
      <mode>2</mode>
    </amsi>
  </agent>
  <exclusions>
    <info>
      <item>256|3|1|0|.bup</item>
      <item>256|3|1|0|.db-journal</item>
      <item>256|3|1|0|.db-shm</item>
      <item>256|3|1|0|.db-wal</item>
      <item>256|3|1|0|.lck</item>
      <item>256|3|1|0|.log</item>
      <item>256|3|1|0|.pst</item>
      <item>256|3|1|0|.sc2</item>
      <item>256|3|1|0|.sd2</item>
      <item>256|3|1|0|.SPDS</item>
      <item>256|3|1|0|.utl</item>
      <item>256|2|1|0|C:\Program Files\Sophos\AutoUpdate\Cache\</item>
      <item>256|2|1|0|C:\ProgramData\Sophos\</item>
      <item>256|2|1|0|C:\ProgramData\Sophos\AutoUpdate\Cache\</item>
      <item>256|2|1|0|C:\Quarantine\</item>
      <item>256|2|1|1|C:\System Volume Information\tracking.log</item>
      <item>256|2|1|0|CSIDL_APPDATA\Avira\AntiVir Desktop\TEMP\</item>
      <item>256|2|1|0|CSIDL_BASEDIR\</item>
      <item>256|2|1|0|CSIDL_COMMON_APPDATA\Kaspersky Lab\</item>
      <item>256|2|1|0|CSIDL_COMMON_APPDATA\McAfee\</item>
      <item>256|2|1|0|CSIDL_COMMON_APPDATA\Microsoft\Windows Defender\</item>
      <item>256|2|1|0|CSIDL_COMMON_APPDATA\Sophos\</item>
      <item>256|2|1|0|CSIDL_COMMON_APPDATA\Sophos\Sophos Anti-Virus\</item>
      <item>256|2|1|0|CSIDL_COMMON_APPDATA\Symantec\</item>
      <item>256|2|1|0|CSIDL_COMMON_APPDATA\VSE\</item>
      <item>256|2|1|0|CSIDL_LOCAL_APPDATA\Avira\AntiVir Desktop\TEMP\</item>
      <item>256|2|1|0|CSIDL_PROGRAM_FILESX86\Common Files\McAfee\</item>
      <item>256|2|1|0|CSIDL_PROGRAM_FILESX86\Diebold\Warsaw\</item>
      <item>256|2|1|0|CSIDL_PROGRAM_FILESX86\GAS Tecnologia\Warsaw\</item>
      <item>256|2|1|0|CSIDL_PROGRAM_FILESX86\McAfee\</item>
      <item>256|2|1|0|CSIDL_PROGRAM_FILESX86\Microsoft Forefront\</item>
      <item>256|2|1|0|CSIDL_PROGRAM_FILESX86\Microsoft Security Client\</item>
      <item>256|2|1|0|CSIDL_PROGRAM_FILESX86\Sophos\</item>
      <item>256|2|1|0|CSIDL_PROGRAM_FILESX86\SplunkUniversalForwarder\</item>
      <item>256|2|1|0|CSIDL_PROGRAM_FILESX86\Splunk\</item>
      <item>256|2|1|0|CSIDL_PROGRAM_FILESX86\Splunk\var\lib\splunk\</item>
      <item>256|2|1|0|CSIDL_PROGRAM_FILESX86\Symantec\Symantec Endpoint Protection\</item>
      <item>256|2|1|0|CSIDL_PROGRAM_FILESX86\Trend Micro\</item>
      <item>256|2|1|0|CSIDL_PROGRAM_FILESX86\Windows Defender\</item>
      <item>256|2|1|0|CSIDL_PROGRAM_FILES\Altiris\Altiris Agent\TaskManagement\</item>
      <item>256|2|1|0|CSIDL_PROGRAM_FILES\Altiris\Inventory\Outbox\</item>
      <item>256|2|1|0|CSIDL_PROGRAM_FILES\AVAST Software\</item>
      <item>256|2|1|0|CSIDL_PROGRAM_FILES\Avira\AntiVir Desktop\TEMP\</item>
      <item>256|2|1|0|CSIDL_PROGRAM_FILES\Common Files\McAfee\</item>
      <item>256|2|1|0|CSIDL_PROGRAM_FILES\Diebold\Warsaw\</item>
      <item>256|2|1|0|CSIDL_PROGRAM_FILES\McAfee\</item>
      <item>256|2|1|0|CSIDL_PROGRAM_FILES\Microsoft Forefront\</item>
      <item>256|2|1|0|CSIDL_PROGRAM_FILES\Microsoft Security Client\</item>
      <item>256|2|1|0|CSIDL_PROGRAM_FILES\Sophos\</item>
      <item>256|2|1|0|CSIDL_PROGRAM_FILES\SplunkUniversalForwarder\</item>
      <item>256|2|1|0|CSIDL_PROGRAM_FILES\Splunk\</item>
      <item>256|2|1|0|CSIDL_PROGRAM_FILES\Splunk\var\lib\splunk\</item>
      <item>256|2|1|0|CSIDL_PROGRAM_FILES\Symantec\Endpoint Agent\</item>
      <item>256|2|1|0|CSIDL_PROGRAM_FILES\Symantec\Symantec End Point Protection\</item>
      <item>256|2|1|0|CSIDL_PROGRAM_FILES\Trend Micro\</item>
      <item>256|2|1|0|CSIDL_PROGRAM_FILES\VSE\</item>
      <item>256|2|1|0|CSIDL_PROGRAM_FILES\Windows Defender\</item>
      <item>256|2|1|0|CSIDL_SYSTEM\CatRoot2\</item>
      <item>256|2|1|0|CSIDL_SYSTEM\drivers\gbpddfac64.sys</item>
      <item>256|2|1|0|CSIDL_SYSTEM\drivers\wsddfac.sys</item>
      <item>256|2|1|0|CSIDL_SYSTEM\emptyregdb.dat</item>
      <item>256|2|1|0|CSIDL_WINDOWS\CbsTemp\</item>
      <item>256|2|1|0|CSIDL_WINDOWS\Prefetch\</item>
      <item>256|2|1|0|CSIDL_WINDOWS\servicing\</item>
      <item>256|2|1|0|CSIDL_WINDOWS\SoftwareDistribution\Datastore\Datastore.edb</item>
      <item>256|2|1|0|CSIDL_WINDOWS\SoftwareDistribution\Datastore\Logs\edb.chk</item>
      <item>256|2|1|0|CSIDL_WINDOWS\SoftwareDistribution\Datastore\Logs\Edbres00001.jrs</item>
      <item>256|2|1|0|CSIDL_WINDOWS\SoftwareDistribution\Datastore\Logs\Edbres00002.jrs</item>
      <item>256|2|1|0|CSIDL_WINDOWS\SoftwareDistribution\Datastore\Logs\tmp.edb</item>
      <item>256|2|1|0|CSIDL_WINDOWS\SoftwareDistribution\Download\</item>
      <item>256|2|1|0|CSIDL_WINDOWS\system32\GroupPolicy\registry.pol</item>
      <item>256|2|1|1|CSIDL_WINDOWS\Temp\content.zip.tmp\cur.scr</item>
      <item>256|2|1|1|CSIDL_WINDOWS\Temp\content.zip.tmp\SymDeltaDecompressOptions.xml</item>
      <item>256|2|1|0|CSIDL_WINDOWS\Temp\Diebold\Warsaw\</item>
      <item>256|2|1|0|CSIDL_WINDOWS\Temp\_avast5_\</item>
      <item>256|2|1|0|CSIDL_WINDOWS\Temp\_avast_\</item>
      <item>256|2|1|0|CSIDL_WINDOWS\WinSxS\</item>
      <item>256|6|1|1|^[A-Za-z]:\\.*\.sas.*</item>
      <item>256|6|1|1|C:\\Users\\.*\\AppData\\Local\\Microsoft\\Office\\.*\\OfficeFileCache</item>
      <item>256|6|1|1|C:\\Users\\.*\\AppData\\Local\\Microsoft\\OneDrive\\</item>
      <item>256|6|1|1|C:\\Users\\.*\\OneDrive\\</item>
      <item>256|6|1|1|C:\\Windows\\ServiceProfiles\\LocalService\\AppData\\Local\\Temp\\Sophos.*</item>
      <item>256|6|1|1|C:\\Windows\\Temp\\Sophos.*</item>
      <item>256|6|1|1|CSIDL_APPDATA\\Local\\Temp\\.*\-.*\.tmp</item>
      <item>256|6|1|1|CSIDL_APPDATA\\Local\\Temp\\warsaw_.*</item>
      <item>256|6|1|1|CSIDL_PROGRAM_FILESX86\\SysTrack\\LsiAgent\\Condense\\.*\\.*\.hld</item>
      <item>256|6|1|1|CSIDL_PROGRAM_FILESX86\\SysTrack\\LsiAgent\\Condense\\.*\\.*\\.*\.tmp</item>
      <item>256|6|1|1|CSIDL_WINDOWS\\Security\\database\\.*\.chk</item>
      <item>256|6|1|1|CSIDL_WINDOWS\\Security\\database\\.*\.edb</item>
      <item>256|6|1|1|CSIDL_WINDOWS\\Security\\database\\.*\.jrs</item>
      <item>256|6|1|1|CSIDL_WINDOWS\\Security\\database\\.*\.log</item>
      <item>256|6|1|1|CSIDL_WINDOWS\\Security\\database\\.*\.sdb</item>
      <item>256|6|1|1|CSIDL_WINDOWS\\SoftwareDistribution\\Datastore\\Logs\\.*\.log</item>
      <item>256|6|1|1|CSIDL_WINDOWS\\System32\\drivers\\.*\-.*\.tmp</item>
      <item>256|6|1|1|CSIDL_WINDOWS\\Temp\\AltirisScript.*\.cmd</item>
      <item>256|6|1|1|CSIDL_WINDOWS\\Temp\\content\.zip\.tmp\\.*\.diff</item>
      <item>256|6|1|1|CSIDL_WINDOWS\\Temp\\musdmys_.*</item>
      <item>256|6|1|1|CSIDL_WINDOWS\\Temp\\TMP.*\.tmp</item>
      <item>256|6|1|1|CSIDL_WINDOWS\\Temp\\warsaw_.*</item>
    </info>
    <process>
      <item>3|0||CSIDL_AMP_VERSION\sfc.exe|816|</item>
      <item>2|0||C:\$WINDOWS.~BT\Sources\SetupHost.exe|1|</item>
      <item>2|0||C:\Program Files\Altiris\Altiris Agent\AeXNSAgent.exe|1|</item>
      <item>2|0||C:\Program Files\Cisco\Orbital\orbital-ampwin.exe|1|</item>
      <item>2|0||C:\Program Files\Cisco\Orbital\Orbital.exe|1|</item>
      <item>2|0||C:\Program Files\Cisco\Orbital\osqueryd.exe|1|</item>
      <item>2|0||C:\Program Files\Common Files\microsoft shared\ClickToRun\OfficeClickToRun.exe|1|</item>
      <item>2|0||C:\Program Files\McAfee\Agent\macmnsvc.exe|1|</item>
      <item>2|0||C:\Program Files\McAfee\Agent\x86\McScript_InUse.exe|1|</item>
      <item>2|0||C:\Program Files\McAfee\Endpoint Security\Adaptive Threat Protection\mfeatp.exe|1|</item>
      <item>2|0||C:\Program Files\McAfee\Endpoint Security\Endpoint Security Platform\mfeesp.exe|1|</item>
      <item>2|0||C:\Program Files\McAfee\Endpoint Security\Threat Prevention\mfetp.exe|1|</item>
      <item>2|0||CSIDL_LOCAL_APPDATA\Microsoft\OneDrive\OneDrive.exe|0|</item>
      <item>2|0||CSIDL_PROGRAM_FILESX86\Kaspersky Lab\Kaspersky Endpoint Security for Windows\avp.exe|1|</item>
      <item>2|0||CSIDL_PROGRAM_FILESX86\Kaspersky Lab\NetworkAgent\klnagent.exe|1|</item>
      <item>2|0||CSIDL_PROGRAM_FILESX86\Symantec\Symantec Endpoint Protection\12.1.4013.4013.105\Bin64\Smc.exe|1|</item>
      <item>2|0||CSIDL_PROGRAM_FILESX86\Symantec\Symantec Endpoint Protection\12.1.6608.6300.105\Bin\ccSvcHst.exe|1|</item>
      <item>2|0||CSIDL_PROGRAM_FILESX86\Symantec\Symantec Endpoint Protection\12.1.7061.6600.105\Bin\ccSvcHst.exe|1|</item>
      <item>2|0||CSIDL_PROGRAM_FILESX86\Symantec\Symantec Endpoint Protection\12.1.7385.6902.105\Bin\ccSvcHst.exe|1|</item>
      <item>2|0||CSIDL_PROGRAM_FILES\splunkforwarder\bin\splunk-winevtlog.exe|1|</item>
      <item>2|0||CSIDL_PROGRAM_FILES\splunkforwarder\bin\splunkd.exe|1|</item>
      <item>2|0||CSIDL_PROGRAM_FILES\Symantec\Endpoint Agent\brkrprcs64.exe|1|</item>
      <item>2|0||CSIDL_PROGRAM_FILES\Symantec\Endpoint Agent\edpa.exe|1|</item>
    </process>
    <certissuer>
      <name>VeriSign Class 3 Code Signing</name>
      <name>Microsoft Code Signing PCA</name>
      <name>Microsoft Windows Verification PCA</name>
      <name>Microsoft Windows Verification Intermediate PCA</name>
      <name>Microsoft Windows Hardware Compatibility PCA</name>
      <name>Symantec Class 3 SHA256 Code Signing CA</name>
      <name>Symantec Class 3 Extended Validation Code Signing CA - G2</name>
      <name>DigiCert SHA2 Assured ID Code Signing CA</name>
      <name>VeriSign Class 3 Code Signing 2010 CA</name>
    </certissuer>
  </exclusions>
  <updater>
    <protocol>https</protocol>
    <unique_id>1608695757</unique_id>
    <path/>
    <reboot>0</reboot>
    <server/>
    <block_reboot>0</block_reboot>
    <force_reboot_delay>0</force_reboot_delay>
    <interval>3600</interval>
    <startdelay>300</startdelay>
  </updater>
  <proxy>
    <authtype>0</authtype>
    <srcfl>62</srcfl>
    <testurl>https://mgmt.amp.cisco.com/health/</testurl>
    <nolocalresolvehost>0</nolocalresolvehost>
  </proxy>
  <conn>
    <ssl>
      <verifyhost>0</verifyhost>
      <verifypeer>0</verifypeer>
      <crlc>0</crlc>
    </ssl>
  </conn>
  <ui>
    <exclusions>
      <display>1</display>
    </exclusions>
    <enable>1</enable>
    <log>
      <level>17179869183</level>
    </log>
    <notification>
      <cloud>0</cloud>
      <hide_file_toast>0</hide_file_toast>
      <hide_ioc_toast>0</hide_ioc_toast>
      <hide_nfm_toast>0</hide_nfm_toast>
      <hide_detection_toast>0</hide_detection_toast>
      <verbose>0</verbose>
      <hide_heuristic_toast>0</hide_heuristic_toast>
      <hide_exprev_toast>0</hide_exprev_toast>
    </notification>
  </ui>
  <wsc>
    <register>0</register>
  </wsc>
  <monitor>
    <log>
      <level>1</level>
    </log>
  </monitor>
</config></Object>
</Signature>
